{
  "exported_at": "2025-11-07T09:58:45.881203Z",
  "records": [
    {
      "type": "press",
      "key": "F",
      "ts": "2025-11-07T09:58:37.472238Z"
    },
    {
      "type": "release",
      "key": "F",
      "ts": "2025-11-07T09:58:37.578619Z"
    },
    {
      "type": "press",
      "key": "I",
      "ts": "2025-11-07T09:58:37.760273Z"
    },
    {
      "type": "release",
      "key": "I",
      "ts": "2025-11-07T09:58:37.844590Z"
    },
    {
      "type": "press",
      "key": "N",
      "ts": "2025-11-07T09:58:38.364978Z"
    },
    {
      "type": "release",
      "key": "N",
      "ts": "2025-11-07T09:58:38.424868Z"
    },
    {
      "type": "press",
      "key": "A",
      "ts": "2025-11-07T09:58:38.609935Z"
    },
    {
      "type": "release",
      "key": "A",
      "ts": "2025-11-07T09:58:38.710351Z"
    },
    {
      "type": "press",
      "key": "L",
      "ts": "2025-11-07T09:58:38.820232Z"
    },
    {
      "type": "release",
      "key": "L",
      "ts": "2025-11-07T09:58:38.867699Z"
    },
    {
      "type": "press",
      "key": "L",
      "ts": "2025-11-07T09:58:38.985961Z"
    },
    {
      "type": "release",
      "key": "L",
      "ts": "2025-11-07T09:58:39.041811Z"
    },
    {
      "type": "press",
      "key": "Y",
      "ts": "2025-11-07T09:58:39.580181Z"
    },
    {
      "type": "release",
      "key": "Y",
      "ts": "2025-11-07T09:58:39.655905Z"
    },
    {
      "type": "press",
      "key": "Key.esc",
      "ts": "2025-11-07T09:58:45.838181Z"
    },
    {
      "type": "release",
      "key": "Key.esc",
      "ts": "2025-11-07T09:58:45.876603Z"
    }
  ]
}