{
  "exported_at": "2025-11-07T09:39:29.481577Z",
  "records": [
    {
      "type": "press",
      "key": "Key.cmd",
      "ts": "2025-11-07T09:38:38.715389Z"
    },
    {
      "type": "press",
      "key": "c",
      "ts": "2025-11-07T09:38:38.816594Z"
    },
    {
      "type": "release",
      "key": "Key.cmd",
      "ts": "2025-11-07T09:38:38.883978Z"
    },
    {
      "type": "release",
      "key": "C",
      "ts": "2025-11-07T09:38:38.911264Z"
    },
    {
      "type": "press",
      "key": "Key.cmd",
      "ts": "2025-11-07T09:39:06.094621Z"
    },
    {
      "type": "press",
      "key": "v",
      "ts": "2025-11-07T09:39:06.338221Z"
    },
    {
      "type": "release",
      "key": "v",
      "ts": "2025-11-07T09:39:06.415098Z"
    },
    {
      "type": "release",
      "key": "Key.cmd",
      "ts": "2025-11-07T09:39:06.468121Z"
    },
    {
      "type": "press",
      "key": "Key.enter",
      "ts": "2025-11-07T09:39:07.554604Z"
    },
    {
      "type": "release",
      "key": "Key.enter",
      "ts": "2025-11-07T09:39:07.678212Z"
    }
  ]
}