{
  "exported_at": "2025-11-07T09:53:53.841160Z",
  "records": [
    {
      "type": "press",
      "key": "Key.cmd",
      "ts": "2025-11-07T09:50:21.465037Z"
    },
    {
      "type": "release",
      "key": "Key.cmd",
      "ts": "2025-11-07T09:50:23.165691Z"
    },
    {
      "type": "press",
      "key": "Key.cmd",
      "ts": "2025-11-07T09:50:23.428682Z"
    },
    {
      "type": "press",
      "key": "f",
      "ts": "2025-11-07T09:50:23.624870Z"
    },
    {
      "type": "release",
      "key": "Key.cmd",
      "ts": "2025-11-07T09:50:23.711196Z"
    },
    {
      "type": "release",
      "key": "F",
      "ts": "2025-11-07T09:50:23.719604Z"
    },
    {
      "type": "press",
      "key": "S",
      "ts": "2025-11-07T09:50:24.754092Z"
    },
    {
      "type": "release",
      "key": "S",
      "ts": "2025-11-07T09:50:24.865202Z"
    },
    {
      "type": "press",
      "key": "T",
      "ts": "2025-11-07T09:50:24.953152Z"
    },
    {
      "type": "release",
      "key": "T",
      "ts": "2025-11-07T09:50:25.037038Z"
    },
    {
      "type": "press",
      "key": "A",
      "ts": "2025-11-07T09:50:25.126702Z"
    },
    {
      "type": "release",
      "key": "A",
      "ts": "2025-11-07T09:50:25.184740Z"
    },
    {
      "type": "press",
      "key": "Key.cmd",
      "ts": "2025-11-07T09:50:44.431504Z"
    },
    {
      "type": "press",
      "key": "c",
      "ts": "2025-11-07T09:50:44.565685Z"
    },
    {
      "type": "release",
      "key": "Key.cmd",
      "ts": "2025-11-07T09:50:44.636734Z"
    },
    {
      "type": "release",
      "key": "C",
      "ts": "2025-11-07T09:50:44.673176Z"
    },
    {
      "type": "press",
      "key": "Key.cmd",
      "ts": "2025-11-07T09:50:46.959143Z"
    },
    {
      "type": "press",
      "key": "v",
      "ts": "2025-11-07T09:50:47.041166Z"
    },
    {
      "type": "release",
      "key": "v",
      "ts": "2025-11-07T09:50:47.105855Z"
    },
    {
      "type": "release",
      "key": "Key.cmd",
      "ts": "2025-11-07T09:50:47.137648Z"
    },
    {
      "type": "press",
      "key": "Key.space",
      "ts": "2025-11-07T09:50:47.751715Z"
    },
    {
      "type": "release",
      "key": "Key.space",
      "ts": "2025-11-07T09:50:47.856470Z"
    },
    {
      "type": "press",
      "key": "M",
      "ts": "2025-11-07T09:50:48.849227Z"
    },
    {
      "type": "release",
      "key": "M",
      "ts": "2025-11-07T09:50:48.931033Z"
    },
    {
      "type": "press",
      "key": "E",
      "ts": "2025-11-07T09:50:49.016671Z"
    },
    {
      "type": "release",
      "key": "E",
      "ts": "2025-11-07T09:50:49.097964Z"
    },
    {
      "type": "press",
      "key": "S",
      "ts": "2025-11-07T09:50:49.254166Z"
    },
    {
      "type": "release",
      "key": "S",
      "ts": "2025-11-07T09:50:49.293490Z"
    },
    {
      "type": "press",
      "key": "S",
      "ts": "2025-11-07T09:50:49.373299Z"
    },
    {
      "type": "release",
      "key": "S",
      "ts": "2025-11-07T09:50:49.417578Z"
    },
    {
      "type": "press",
      "key": "A",
      "ts": "2025-11-07T09:50:49.543852Z"
    },
    {
      "type": "release",
      "key": "A",
      "ts": "2025-11-07T09:50:49.679789Z"
    },
    {
      "type": "press",
      "key": "G",
      "ts": "2025-11-07T09:50:49.766165Z"
    },
    {
      "type": "release",
      "key": "G",
      "ts": "2025-11-07T09:50:49.836736Z"
    },
    {
      "type": "press",
      "key": "E",
      "ts": "2025-11-07T09:50:49.900508Z"
    },
    {
      "type": "release",
      "key": "E",
      "ts": "2025-11-07T09:50:49.996242Z"
    },
    {
      "type": "press",
      "key": "Key.space",
      "ts": "2025-11-07T09:50:50.060294Z"
    },
    {
      "type": "release",
      "key": "Key.space",
      "ts": "2025-11-07T09:50:50.137296Z"
    },
    {
      "type": "press",
      "key": "W",
      "ts": "2025-11-07T09:50:50.201844Z"
    },
    {
      "type": "release",
      "key": "W",
      "ts": "2025-11-07T09:50:50.287090Z"
    },
    {
      "type": "press",
      "key": "H",
      "ts": "2025-11-07T09:50:50.332581Z"
    },
    {
      "type": "release",
      "key": "H",
      "ts": "2025-11-07T09:50:50.409362Z"
    },
    {
      "type": "press",
      "key": "A",
      "ts": "2025-11-07T09:50:50.480311Z"
    },
    {
      "type": "release",
      "key": "A",
      "ts": "2025-11-07T09:50:50.577973Z"
    },
    {
      "type": "press",
      "key": "T",
      "ts": "2025-11-07T09:50:50.578128Z"
    },
    {
      "type": "release",
      "key": "T",
      "ts": "2025-11-07T09:50:50.636081Z"
    },
    {
      "type": "press",
      "key": "Key.space",
      "ts": "2025-11-07T09:50:50.978939Z"
    },
    {
      "type": "release",
      "key": "Key.space",
      "ts": "2025-11-07T09:50:51.058085Z"
    },
    {
      "type": "press",
      "key": "S",
      "ts": "2025-11-07T09:50:51.585600Z"
    },
    {
      "type": "release",
      "key": "S",
      "ts": "2025-11-07T09:50:51.689264Z"
    },
    {
      "type": "press",
      "key": "H",
      "ts": "2025-11-07T09:50:51.750646Z"
    },
    {
      "type": "release",
      "key": "H",
      "ts": "2025-11-07T09:50:51.814239Z"
    },
    {
      "type": "press",
      "key": "O",
      "ts": "2025-11-07T09:50:51.999550Z"
    },
    {
      "type": "release",
      "key": "O",
      "ts": "2025-11-07T09:50:52.066613Z"
    },
    {
      "type": "press",
      "key": "U",
      "ts": "2025-11-07T09:50:52.200249Z"
    },
    {
      "type": "release",
      "key": "U",
      "ts": "2025-11-07T09:50:52.255392Z"
    },
    {
      "type": "press",
      "key": "L",
      "ts": "2025-11-07T09:50:52.438619Z"
    },
    {
      "type": "release",
      "key": "L",
      "ts": "2025-11-07T09:50:52.511130Z"
    },
    {
      "type": "press",
      "key": "D",
      "ts": "2025-11-07T09:50:52.599513Z"
    },
    {
      "type": "release",
      "key": "D",
      "ts": "2025-11-07T09:50:52.692872Z"
    },
    {
      "type": "press",
      "key": "Key.space",
      "ts": "2025-11-07T09:50:52.728478Z"
    },
    {
      "type": "release",
      "key": "Key.space",
      "ts": "2025-11-07T09:50:52.793126Z"
    },
    {
      "type": "press",
      "key": "I",
      "ts": "2025-11-07T09:50:52.943947Z"
    },
    {
      "type": "release",
      "key": "I",
      "ts": "2025-11-07T09:50:53.006921Z"
    },
    {
      "type": "press",
      "key": "Key.space",
      "ts": "2025-11-07T09:50:53.197807Z"
    },
    {
      "type": "release",
      "key": "Key.space",
      "ts": "2025-11-07T09:50:53.262536Z"
    },
    {
      "type": "press",
      "key": "D",
      "ts": "2025-11-07T09:50:53.385737Z"
    },
    {
      "type": "release",
      "key": "D",
      "ts": "2025-11-07T09:50:53.481211Z"
    },
    {
      "type": "press",
      "key": "O",
      "ts": "2025-11-07T09:50:53.566333Z"
    },
    {
      "type": "release",
      "key": "O",
      "ts": "2025-11-07T09:50:53.670848Z"
    },
    {
      "type": "press",
      "key": "Key.space",
      "ts": "2025-11-07T09:50:53.898531Z"
    },
    {
      "type": "release",
      "key": "Key.space",
      "ts": "2025-11-07T09:50:53.966405Z"
    },
    {
      "type": "press",
      "key": "T",
      "ts": "2025-11-07T09:50:54.226413Z"
    },
    {
      "type": "release",
      "key": "T",
      "ts": "2025-11-07T09:50:54.321847Z"
    },
    {
      "type": "press",
      "key": "Key.backspace",
      "ts": "2025-11-07T09:50:54.715918Z"
    },
    {
      "type": "release",
      "key": "Key.backspace",
      "ts": "2025-11-07T09:50:54.819750Z"
    },
    {
      "type": "press",
      "key": "T",
      "ts": "2025-11-07T09:50:55.610463Z"
    },
    {
      "type": "release",
      "key": "T",
      "ts": "2025-11-07T09:50:55.733838Z"
    },
    {
      "type": "press",
      "key": "O",
      "ts": "2025-11-07T09:50:55.747443Z"
    },
    {
      "type": "release",
      "key": "O",
      "ts": "2025-11-07T09:50:55.818003Z"
    },
    {
      "type": "press",
      "key": "Key.space",
      "ts": "2025-11-07T09:50:56.122410Z"
    },
    {
      "type": "release",
      "key": "Key.space",
      "ts": "2025-11-07T09:50:56.185792Z"
    },
    {
      "type": "press",
      "key": "S",
      "ts": "2025-11-07T09:50:56.300906Z"
    },
    {
      "type": "release",
      "key": "S",
      "ts": "2025-11-07T09:50:56.380749Z"
    },
    {
      "type": "press",
      "key": "E",
      "ts": "2025-11-07T09:50:56.497889Z"
    },
    {
      "type": "release",
      "key": "E",
      "ts": "2025-11-07T09:50:56.549236Z"
    },
    {
      "type": "press",
      "key": "E",
      "ts": "2025-11-07T09:50:56.645971Z"
    },
    {
      "type": "release",
      "key": "E",
      "ts": "2025-11-07T09:50:56.714988Z"
    },
    {
      "type": "press",
      "key": "Key.space",
      "ts": "2025-11-07T09:50:56.763935Z"
    },
    {
      "type": "release",
      "key": "Key.space",
      "ts": "2025-11-07T09:50:56.839863Z"
    },
    {
      "type": "press",
      "key": "T",
      "ts": "2025-11-07T09:50:56.937797Z"
    },
    {
      "type": "release",
      "key": "T",
      "ts": "2025-11-07T09:50:57.009596Z"
    },
    {
      "type": "press",
      "key": "H",
      "ts": "2025-11-07T09:50:57.063054Z"
    },
    {
      "type": "release",
      "key": "H",
      "ts": "2025-11-07T09:50:57.131167Z"
    },
    {
      "type": "press",
      "key": "E",
      "ts": "2025-11-07T09:50:57.212554Z"
    },
    {
      "type": "press",
      "key": "Key.space",
      "ts": "2025-11-07T09:50:57.303958Z"
    },
    {
      "type": "release",
      "key": "E",
      "ts": "2025-11-07T09:50:57.307995Z"
    },
    {
      "type": "release",
      "key": "Key.space",
      "ts": "2025-11-07T09:50:57.376522Z"
    },
    {
      "type": "press",
      "key": "R",
      "ts": "2025-11-07T09:50:57.446519Z"
    },
    {
      "type": "release",
      "key": "R",
      "ts": "2025-11-07T09:50:57.493715Z"
    },
    {
      "type": "press",
      "key": "E",
      "ts": "2025-11-07T09:50:57.583419Z"
    },
    {
      "type": "release",
      "key": "E",
      "ts": "2025-11-07T09:50:57.667426Z"
    },
    {
      "type": "press",
      "key": "P",
      "ts": "2025-11-07T09:50:57.711214Z"
    },
    {
      "type": "release",
      "key": "P",
      "ts": "2025-11-07T09:50:57.768238Z"
    },
    {
      "type": "press",
      "key": "O",
      "ts": "2025-11-07T09:50:57.874950Z"
    },
    {
      "type": "release",
      "key": "O",
      "ts": "2025-11-07T09:50:57.949821Z"
    },
    {
      "type": "press",
      "key": "R",
      "ts": "2025-11-07T09:50:58.004509Z"
    },
    {
      "type": "release",
      "key": "R",
      "ts": "2025-11-07T09:50:58.093513Z"
    },
    {
      "type": "press",
      "key": "T",
      "ts": "2025-11-07T09:50:58.196923Z"
    },
    {
      "type": "release",
      "key": "T",
      "ts": "2025-11-07T09:50:58.306155Z"
    },
    {
      "type": "press",
      "key": "Key.enter",
      "ts": "2025-11-07T09:50:58.385981Z"
    },
    {
      "type": "release",
      "key": "Key.enter",
      "ts": "2025-11-07T09:50:58.460056Z"
    },
    {
      "type": "press",
      "key": "W",
      "ts": "2025-11-07T09:52:15.622471Z"
    },
    {
      "type": "release",
      "key": "W",
      "ts": "2025-11-07T09:52:15.741919Z"
    },
    {
      "type": "press",
      "key": "H",
      "ts": "2025-11-07T09:52:15.757159Z"
    },
    {
      "type": "release",
      "key": "H",
      "ts": "2025-11-07T09:52:15.817751Z"
    },
    {
      "type": "press",
      "key": "E",
      "ts": "2025-11-07T09:52:15.899181Z"
    },
    {
      "type": "release",
      "key": "E",
      "ts": "2025-11-07T09:52:15.974370Z"
    },
    {
      "type": "press",
      "key": "R",
      "ts": "2025-11-07T09:52:16.112038Z"
    },
    {
      "type": "release",
      "key": "R",
      "ts": "2025-11-07T09:52:16.177587Z"
    },
    {
      "type": "press",
      "key": "E",
      "ts": "2025-11-07T09:52:16.313748Z"
    },
    {
      "type": "release",
      "key": "E",
      "ts": "2025-11-07T09:52:16.341078Z"
    },
    {
      "type": "press",
      "key": "Key.space",
      "ts": "2025-11-07T09:52:16.380188Z"
    },
    {
      "type": "release",
      "key": "Key.space",
      "ts": "2025-11-07T09:52:16.454976Z"
    },
    {
      "type": "press",
      "key": "S",
      "ts": "2025-11-07T09:52:16.826085Z"
    },
    {
      "type": "release",
      "key": "S",
      "ts": "2025-11-07T09:52:16.933372Z"
    },
    {
      "type": "press",
      "key": "H",
      "ts": "2025-11-07T09:52:16.944875Z"
    },
    {
      "type": "release",
      "key": "H",
      "ts": "2025-11-07T09:52:16.996548Z"
    },
    {
      "type": "press",
      "key": "O",
      "ts": "2025-11-07T09:52:17.163841Z"
    },
    {
      "type": "release",
      "key": "O",
      "ts": "2025-11-07T09:52:17.235662Z"
    },
    {
      "type": "press",
      "key": "U",
      "ts": "2025-11-07T09:52:17.386680Z"
    },
    {
      "type": "release",
      "key": "U",
      "ts": "2025-11-07T09:52:17.426605Z"
    },
    {
      "type": "press",
      "key": "L",
      "ts": "2025-11-07T09:52:17.614798Z"
    },
    {
      "type": "release",
      "key": "L",
      "ts": "2025-11-07T09:52:17.686141Z"
    },
    {
      "type": "press",
      "key": "D",
      "ts": "2025-11-07T09:52:17.785749Z"
    },
    {
      "type": "release",
      "key": "D",
      "ts": "2025-11-07T09:52:17.856900Z"
    },
    {
      "type": "press",
      "key": "Key.space",
      "ts": "2025-11-07T09:52:17.961937Z"
    },
    {
      "type": "release",
      "key": "Key.space",
      "ts": "2025-11-07T09:52:18.005264Z"
    },
    {
      "type": "press",
      "key": "I",
      "ts": "2025-11-07T09:52:18.434524Z"
    },
    {
      "type": "release",
      "key": "I",
      "ts": "2025-11-07T09:52:18.485212Z"
    },
    {
      "type": "press",
      "key": "Key.space",
      "ts": "2025-11-07T09:52:18.693110Z"
    },
    {
      "type": "release",
      "key": "Key.space",
      "ts": "2025-11-07T09:52:18.760700Z"
    },
    {
      "type": "press",
      "key": "W",
      "ts": "2025-11-07T09:52:20.519680Z"
    },
    {
      "type": "release",
      "key": "W",
      "ts": "2025-11-07T09:52:20.567854Z"
    },
    {
      "type": "press",
      "key": "R",
      "ts": "2025-11-07T09:52:20.789278Z"
    },
    {
      "type": "release",
      "key": "R",
      "ts": "2025-11-07T09:52:20.885324Z"
    },
    {
      "type": "press",
      "key": "I",
      "ts": "2025-11-07T09:52:20.947079Z"
    },
    {
      "type": "release",
      "key": "I",
      "ts": "2025-11-07T09:52:21.003100Z"
    },
    {
      "type": "press",
      "key": "T",
      "ts": "2025-11-07T09:52:21.222313Z"
    },
    {
      "type": "release",
      "key": "T",
      "ts": "2025-11-07T09:52:21.278243Z"
    },
    {
      "type": "press",
      "key": "E",
      "ts": "2025-11-07T09:52:21.348714Z"
    },
    {
      "type": "release",
      "key": "E",
      "ts": "2025-11-07T09:52:21.423897Z"
    },
    {
      "type": "press",
      "key": "Key.space",
      "ts": "2025-11-07T09:52:21.537004Z"
    },
    {
      "type": "release",
      "key": "Key.space",
      "ts": "2025-11-07T09:52:21.601114Z"
    },
    {
      "type": "press",
      "key": "T",
      "ts": "2025-11-07T09:52:22.714231Z"
    },
    {
      "type": "release",
      "key": "T",
      "ts": "2025-11-07T09:52:22.805017Z"
    },
    {
      "type": "press",
      "key": "O",
      "ts": "2025-11-07T09:52:22.823563Z"
    },
    {
      "type": "release",
      "key": "O",
      "ts": "2025-11-07T09:52:22.867803Z"
    },
    {
      "type": "press",
      "key": "Key.space",
      "ts": "2025-11-07T09:52:23.088583Z"
    },
    {
      "type": "release",
      "key": "Key.space",
      "ts": "2025-11-07T09:52:23.144739Z"
    },
    {
      "type": "press",
      "key": "R",
      "ts": "2025-11-07T09:52:23.235242Z"
    },
    {
      "type": "release",
      "key": "R",
      "ts": "2025-11-07T09:52:23.306509Z"
    },
    {
      "type": "press",
      "key": "E",
      "ts": "2025-11-07T09:52:23.408114Z"
    },
    {
      "type": "release",
      "key": "E",
      "ts": "2025-11-07T09:52:23.455844Z"
    },
    {
      "type": "press",
      "key": "C",
      "ts": "2025-11-07T09:52:23.633396Z"
    },
    {
      "type": "release",
      "key": "C",
      "ts": "2025-11-07T09:52:23.709424Z"
    },
    {
      "type": "press",
      "key": "O",
      "ts": "2025-11-07T09:52:23.771942Z"
    },
    {
      "type": "release",
      "key": "O",
      "ts": "2025-11-07T09:52:23.847844Z"
    },
    {
      "type": "press",
      "key": "R",
      "ts": "2025-11-07T09:52:23.979845Z"
    },
    {
      "type": "release",
      "key": "R",
      "ts": "2025-11-07T09:52:24.058387Z"
    },
    {
      "type": "press",
      "key": "D",
      "ts": "2025-11-07T09:52:24.217279Z"
    },
    {
      "type": "release",
      "key": "D",
      "ts": "2025-11-07T09:52:24.292995Z"
    },
    {
      "type": "press",
      "key": "Key.space",
      "ts": "2025-11-07T09:52:24.483811Z"
    },
    {
      "type": "release",
      "key": "Key.space",
      "ts": "2025-11-07T09:52:24.551934Z"
    },
    {
      "type": "press",
      "key": "I",
      "ts": "2025-11-07T09:52:24.930734Z"
    },
    {
      "type": "release",
      "key": "I",
      "ts": "2025-11-07T09:52:24.998520Z"
    },
    {
      "type": "press",
      "key": "N",
      "ts": "2025-11-07T09:52:25.164099Z"
    },
    {
      "type": "release",
      "key": "N",
      "ts": "2025-11-07T09:52:25.203791Z"
    },
    {
      "type": "press",
      "key": "Key.space",
      "ts": "2025-11-07T09:52:25.351407Z"
    },
    {
      "type": "release",
      "key": "Key.space",
      "ts": "2025-11-07T09:52:25.419137Z"
    },
    {
      "type": "press",
      "key": "T",
      "ts": "2025-11-07T09:52:25.499725Z"
    },
    {
      "type": "release",
      "key": "T",
      "ts": "2025-11-07T09:52:25.565094Z"
    },
    {
      "type": "press",
      "key": "H",
      "ts": "2025-11-07T09:52:25.601506Z"
    },
    {
      "type": "release",
      "key": "H",
      "ts": "2025-11-07T09:52:25.669454Z"
    },
    {
      "type": "press",
      "key": "E",
      "ts": "2025-11-07T09:52:25.782241Z"
    },
    {
      "type": "release",
      "key": "E",
      "ts": "2025-11-07T09:52:25.865045Z"
    },
    {
      "type": "press",
      "key": "Key.space",
      "ts": "2025-11-07T09:52:25.945632Z"
    },
    {
      "type": "release",
      "key": "Key.space",
      "ts": "2025-11-07T09:52:25.994665Z"
    },
    {
      "type": "press",
      "key": "B",
      "ts": "2025-11-07T09:52:26.253784Z"
    },
    {
      "type": "release",
      "key": "B",
      "ts": "2025-11-07T09:52:26.333113Z"
    },
    {
      "type": "press",
      "key": "R",
      "ts": "2025-11-07T09:52:26.467051Z"
    },
    {
      "type": "release",
      "key": "R",
      "ts": "2025-11-07T09:52:26.506747Z"
    },
    {
      "type": "press",
      "key": "O",
      "ts": "2025-11-07T09:52:26.589262Z"
    },
    {
      "type": "release",
      "key": "O",
      "ts": "2025-11-07T09:52:26.657076Z"
    },
    {
      "type": "press",
      "key": "W",
      "ts": "2025-11-07T09:52:26.856388Z"
    },
    {
      "type": "release",
      "key": "W",
      "ts": "2025-11-07T09:52:26.920268Z"
    },
    {
      "type": "press",
      "key": "S",
      "ts": "2025-11-07T09:52:27.108358Z"
    },
    {
      "type": "release",
      "key": "S",
      "ts": "2025-11-07T09:52:27.168531Z"
    },
    {
      "type": "press",
      "key": "E",
      "ts": "2025-11-07T09:52:27.315809Z"
    },
    {
      "type": "release",
      "key": "E",
      "ts": "2025-11-07T09:52:27.371851Z"
    },
    {
      "type": "press",
      "key": "R",
      "ts": "2025-11-07T09:52:27.507813Z"
    },
    {
      "type": "release",
      "key": "R",
      "ts": "2025-11-07T09:52:27.583611Z"
    },
    {
      "type": "press",
      "key": "Key.shift_r",
      "ts": "2025-11-07T09:52:28.250470Z"
    },
    {
      "type": "press",
      "key": "?",
      "ts": "2025-11-07T09:52:28.434264Z"
    },
    {
      "type": "release",
      "key": "?",
      "ts": "2025-11-07T09:52:28.497626Z"
    },
    {
      "type": "press",
      "key": "?",
      "ts": "2025-11-07T09:52:28.557905Z"
    },
    {
      "type": "release",
      "key": "?",
      "ts": "2025-11-07T09:52:28.646039Z"
    },
    {
      "type": "release",
      "key": "Key.shift_r",
      "ts": "2025-11-07T09:52:28.686337Z"
    },
    {
      "type": "press",
      "key": "Key.cmd",
      "ts": "2025-11-07T09:53:24.049687Z"
    },
    {
      "type": "press",
      "key": "c",
      "ts": "2025-11-07T09:53:24.173257Z"
    },
    {
      "type": "release",
      "key": "Key.cmd",
      "ts": "2025-11-07T09:53:24.243884Z"
    },
    {
      "type": "release",
      "key": "C",
      "ts": "2025-11-07T09:53:24.312589Z"
    },
    {
      "type": "press",
      "key": "Key.cmd",
      "ts": "2025-11-07T09:53:25.988866Z"
    },
    {
      "type": "press",
      "key": "v",
      "ts": "2025-11-07T09:53:26.044708Z"
    },
    {
      "type": "release",
      "key": "v",
      "ts": "2025-11-07T09:53:26.114417Z"
    },
    {
      "type": "release",
      "key": "Key.cmd",
      "ts": "2025-11-07T09:53:26.122155Z"
    },
    {
      "type": "press",
      "key": "Key.enter",
      "ts": "2025-11-07T09:53:26.543902Z"
    },
    {
      "type": "release",
      "key": "Key.enter",
      "ts": "2025-11-07T09:53:26.614103Z"
    },
    {
      "type": "press",
      "key": "Key.cmd",
      "ts": "2025-11-07T09:53:42.702801Z"
    },
    {
      "type": "press",
      "key": "c",
      "ts": "2025-11-07T09:53:42.801727Z"
    },
    {
      "type": "release",
      "key": "c",
      "ts": "2025-11-07T09:53:42.903967Z"
    },
    {
      "type": "release",
      "key": "Key.cmd",
      "ts": "2025-11-07T09:53:42.947566Z"
    },
    {
      "type": "press",
      "key": "Key.cmd",
      "ts": "2025-11-07T09:53:53.145271Z"
    },
    {
      "type": "press",
      "key": "v",
      "ts": "2025-11-07T09:53:53.257409Z"
    },
    {
      "type": "release",
      "key": "v",
      "ts": "2025-11-07T09:53:53.329041Z"
    },
    {
      "type": "release",
      "key": "Key.cmd",
      "ts": "2025-11-07T09:53:53.340232Z"
    }
  ]
}