{
  "exported_at": "2025-11-07T09:50:53.777719Z",
  "records": [
    {
      "type": "press",
      "key": "Key.cmd",
      "ts": "2025-11-07T09:50:21.465037Z"
    },
    {
      "type": "release",
      "key": "Key.cmd",
      "ts": "2025-11-07T09:50:23.165691Z"
    },
    {
      "type": "press",
      "key": "Key.cmd",
      "ts": "2025-11-07T09:50:23.428682Z"
    },
    {
      "type": "press",
      "key": "f",
      "ts": "2025-11-07T09:50:23.624870Z"
    },
    {
      "type": "release",
      "key": "Key.cmd",
      "ts": "2025-11-07T09:50:23.711196Z"
    },
    {
      "type": "release",
      "key": "F",
      "ts": "2025-11-07T09:50:23.719604Z"
    },
    {
      "type": "press",
      "key": "S",
      "ts": "2025-11-07T09:50:24.754092Z"
    },
    {
      "type": "release",
      "key": "S",
      "ts": "2025-11-07T09:50:24.865202Z"
    },
    {
      "type": "press",
      "key": "T",
      "ts": "2025-11-07T09:50:24.953152Z"
    },
    {
      "type": "release",
      "key": "T",
      "ts": "2025-11-07T09:50:25.037038Z"
    },
    {
      "type": "press",
      "key": "A",
      "ts": "2025-11-07T09:50:25.126702Z"
    },
    {
      "type": "release",
      "key": "A",
      "ts": "2025-11-07T09:50:25.184740Z"
    },
    {
      "type": "press",
      "key": "Key.cmd",
      "ts": "2025-11-07T09:50:44.431504Z"
    },
    {
      "type": "press",
      "key": "c",
      "ts": "2025-11-07T09:50:44.565685Z"
    },
    {
      "type": "release",
      "key": "Key.cmd",
      "ts": "2025-11-07T09:50:44.636734Z"
    },
    {
      "type": "release",
      "key": "C",
      "ts": "2025-11-07T09:50:44.673176Z"
    },
    {
      "type": "press",
      "key": "Key.cmd",
      "ts": "2025-11-07T09:50:46.959143Z"
    },
    {
      "type": "press",
      "key": "v",
      "ts": "2025-11-07T09:50:47.041166Z"
    },
    {
      "type": "release",
      "key": "v",
      "ts": "2025-11-07T09:50:47.105855Z"
    },
    {
      "type": "release",
      "key": "Key.cmd",
      "ts": "2025-11-07T09:50:47.137648Z"
    },
    {
      "type": "press",
      "key": "Key.space",
      "ts": "2025-11-07T09:50:47.751715Z"
    },
    {
      "type": "release",
      "key": "Key.space",
      "ts": "2025-11-07T09:50:47.856470Z"
    },
    {
      "type": "press",
      "key": "M",
      "ts": "2025-11-07T09:50:48.849227Z"
    },
    {
      "type": "release",
      "key": "M",
      "ts": "2025-11-07T09:50:48.931033Z"
    },
    {
      "type": "press",
      "key": "E",
      "ts": "2025-11-07T09:50:49.016671Z"
    },
    {
      "type": "release",
      "key": "E",
      "ts": "2025-11-07T09:50:49.097964Z"
    },
    {
      "type": "press",
      "key": "S",
      "ts": "2025-11-07T09:50:49.254166Z"
    },
    {
      "type": "release",
      "key": "S",
      "ts": "2025-11-07T09:50:49.293490Z"
    },
    {
      "type": "press",
      "key": "S",
      "ts": "2025-11-07T09:50:49.373299Z"
    },
    {
      "type": "release",
      "key": "S",
      "ts": "2025-11-07T09:50:49.417578Z"
    },
    {
      "type": "press",
      "key": "A",
      "ts": "2025-11-07T09:50:49.543852Z"
    },
    {
      "type": "release",
      "key": "A",
      "ts": "2025-11-07T09:50:49.679789Z"
    },
    {
      "type": "press",
      "key": "G",
      "ts": "2025-11-07T09:50:49.766165Z"
    },
    {
      "type": "release",
      "key": "G",
      "ts": "2025-11-07T09:50:49.836736Z"
    },
    {
      "type": "press",
      "key": "E",
      "ts": "2025-11-07T09:50:49.900508Z"
    },
    {
      "type": "release",
      "key": "E",
      "ts": "2025-11-07T09:50:49.996242Z"
    },
    {
      "type": "press",
      "key": "Key.space",
      "ts": "2025-11-07T09:50:50.060294Z"
    },
    {
      "type": "release",
      "key": "Key.space",
      "ts": "2025-11-07T09:50:50.137296Z"
    },
    {
      "type": "press",
      "key": "W",
      "ts": "2025-11-07T09:50:50.201844Z"
    },
    {
      "type": "release",
      "key": "W",
      "ts": "2025-11-07T09:50:50.287090Z"
    },
    {
      "type": "press",
      "key": "H",
      "ts": "2025-11-07T09:50:50.332581Z"
    },
    {
      "type": "release",
      "key": "H",
      "ts": "2025-11-07T09:50:50.409362Z"
    },
    {
      "type": "press",
      "key": "A",
      "ts": "2025-11-07T09:50:50.480311Z"
    },
    {
      "type": "release",
      "key": "A",
      "ts": "2025-11-07T09:50:50.577973Z"
    },
    {
      "type": "press",
      "key": "T",
      "ts": "2025-11-07T09:50:50.578128Z"
    },
    {
      "type": "release",
      "key": "T",
      "ts": "2025-11-07T09:50:50.636081Z"
    },
    {
      "type": "press",
      "key": "Key.space",
      "ts": "2025-11-07T09:50:50.978939Z"
    },
    {
      "type": "release",
      "key": "Key.space",
      "ts": "2025-11-07T09:50:51.058085Z"
    },
    {
      "type": "press",
      "key": "S",
      "ts": "2025-11-07T09:50:51.585600Z"
    },
    {
      "type": "release",
      "key": "S",
      "ts": "2025-11-07T09:50:51.689264Z"
    },
    {
      "type": "press",
      "key": "H",
      "ts": "2025-11-07T09:50:51.750646Z"
    },
    {
      "type": "release",
      "key": "H",
      "ts": "2025-11-07T09:50:51.814239Z"
    },
    {
      "type": "press",
      "key": "O",
      "ts": "2025-11-07T09:50:51.999550Z"
    },
    {
      "type": "release",
      "key": "O",
      "ts": "2025-11-07T09:50:52.066613Z"
    },
    {
      "type": "press",
      "key": "U",
      "ts": "2025-11-07T09:50:52.200249Z"
    },
    {
      "type": "release",
      "key": "U",
      "ts": "2025-11-07T09:50:52.255392Z"
    },
    {
      "type": "press",
      "key": "L",
      "ts": "2025-11-07T09:50:52.438619Z"
    },
    {
      "type": "release",
      "key": "L",
      "ts": "2025-11-07T09:50:52.511130Z"
    },
    {
      "type": "press",
      "key": "D",
      "ts": "2025-11-07T09:50:52.599513Z"
    },
    {
      "type": "release",
      "key": "D",
      "ts": "2025-11-07T09:50:52.692872Z"
    },
    {
      "type": "press",
      "key": "Key.space",
      "ts": "2025-11-07T09:50:52.728478Z"
    },
    {
      "type": "release",
      "key": "Key.space",
      "ts": "2025-11-07T09:50:52.793126Z"
    },
    {
      "type": "press",
      "key": "I",
      "ts": "2025-11-07T09:50:52.943947Z"
    },
    {
      "type": "release",
      "key": "I",
      "ts": "2025-11-07T09:50:53.006921Z"
    },
    {
      "type": "press",
      "key": "Key.space",
      "ts": "2025-11-07T09:50:53.197807Z"
    },
    {
      "type": "release",
      "key": "Key.space",
      "ts": "2025-11-07T09:50:53.262536Z"
    },
    {
      "type": "press",
      "key": "D",
      "ts": "2025-11-07T09:50:53.385737Z"
    },
    {
      "type": "release",
      "key": "D",
      "ts": "2025-11-07T09:50:53.481211Z"
    },
    {
      "type": "press",
      "key": "O",
      "ts": "2025-11-07T09:50:53.566333Z"
    },
    {
      "type": "release",
      "key": "O",
      "ts": "2025-11-07T09:50:53.670848Z"
    }
  ]
}